tree_id,json_path,dot_path,png_path
0,artifacts_deploy_check_20260705\parallel\tree_export\tree_000.json,artifacts_deploy_check_20260705\parallel\tree_export\tree_000.dot,
1,artifacts_deploy_check_20260705\parallel\tree_export\tree_001.json,artifacts_deploy_check_20260705\parallel\tree_export\tree_001.dot,
2,artifacts_deploy_check_20260705\parallel\tree_export\tree_002.json,artifacts_deploy_check_20260705\parallel\tree_export\tree_002.dot,
3,artifacts_deploy_check_20260705\parallel\tree_export\tree_003.json,artifacts_deploy_check_20260705\parallel\tree_export\tree_003.dot,
4,artifacts_deploy_check_20260705\parallel\tree_export\tree_004.json,artifacts_deploy_check_20260705\parallel\tree_export\tree_004.dot,
5,artifacts_deploy_check_20260705\parallel\tree_export\tree_005.json,artifacts_deploy_check_20260705\parallel\tree_export\tree_005.dot,
6,artifacts_deploy_check_20260705\parallel\tree_export\tree_006.json,artifacts_deploy_check_20260705\parallel\tree_export\tree_006.dot,
7,artifacts_deploy_check_20260705\parallel\tree_export\tree_007.json,artifacts_deploy_check_20260705\parallel\tree_export\tree_007.dot,
8,artifacts_deploy_check_20260705\parallel\tree_export\tree_008.json,artifacts_deploy_check_20260705\parallel\tree_export\tree_008.dot,
9,artifacts_deploy_check_20260705\parallel\tree_export\tree_009.json,artifacts_deploy_check_20260705\parallel\tree_export\tree_009.dot,
